classification_id,source_repo,source_branch,source_tree_sha,source_path,source_blob_sha,source_mode,source_size,artifact_type,epistemic_class,candidate_domain,candidate_canonical_id,candidate_target,canonical_status,migration_action,conflict_status,validation_status,distribution_status,intake_path,rationale
"MC-REC-001","Sas-Executar/Maestr-Docs","main","48db71b13e8108479bcf1961a812c1785140a44f","01-master-index/01-master-index.md","e0f6bda01f7bbcb21c7c37015787f260d8514e3d","100644","285","master_index","CORPUS_DIRECT","REGISTRY","GOV-IDX-030-001","01_master-index/","PROPOSED","COPY","REQUIRES_RECONCILIATION","BLOB_HASH_VERIFIED_IN_REVIEW_TREE","QUEUED_FOR_RECONCILIATION","00_input/maestro-migration/01_original/01-master-index/01-master-index.md","Mapa de autoridade para IDs, schemas, taxonomias, relações e relatórios."
"MC-REC-002","Sas-Executar/Maestr-Docs","main","48db71b13e8108479bcf1961a812c1785140a44f","01-master-index/01-schemas/ECOSYSTEM_MASTER_YAML_CARDS_V1.yaml","05bd74f9fc6518312365b0a00f2e18bd3ee54668","100644","56888","schema_governanca","CORPUS_DIRECT","REGISTRY","GOV-IDX-030-001","01_master-index/schemas/","PROPOSED","COPY","REQUIRES_RECONCILIATION","BLOB_HASH_VERIFIED_IN_REVIEW_TREE","QUEUED_FOR_RECONCILIATION","00_input/maestro-migration/01_original/01-master-index/01-schemas/ECOSYSTEM_MASTER_YAML_CARDS_V1.yaml","Modelo de cobertura do ecossistema; requer reconciliação de autoridade antes de qualquer distribuição."
"MC-REC-003","Sas-Executar/Maestr-Docs","main","48db71b13e8108479bcf1961a812c1785140a44f","01-master-index/01-schemas/EXECUTAR_projetosaasentrypoint_EXPANDIDO.schema.json","f5ea42729d2dac69f34fb0d0623d4ee777f134eb","100644","67055","schema_contrato_produto","CORPUS_DIRECT","BLUEPRINTS","GAP","BLUEPRINTS/60-contracts/","PROPOSED","REFERENCE","CROSS_REPO_BOUNDARY","BLOB_HASH_VERIFIED_IN_REVIEW_TREE","QUEUED_FOR_RECONCILIATION","00_input/maestro-migration/01_original/01-master-index/01-schemas/EXECUTAR_projetosaasentrypoint_EXPANDIDO.schema.json","Contrato normalizado do produto; destino final sugerido é Blueprints, preservado primeiro no intake de Governance."
"MC-REC-004","Sas-Executar/Maestr-Docs","main","48db71b13e8108479bcf1961a812c1785140a44f","01-master-index/01-schemas/FORMULARIO_FUNDACIONAL_FUSIONADO_V1.yaml","14b606711f42b923d606624405ce2498ccd9fc25","100644","136497","schema_multidominio","CORPUS_DIRECT","REGISTRY","GOV-IDX-030-001","01_master-index/schemas/","PROPOSED","COPY","MULTI_DOMAIN","BLOB_HASH_VERIFIED_IN_REVIEW_TREE","QUEUED_FOR_RECONCILIATION","00_input/maestro-migration/01_original/01-master-index/01-schemas/FORMULARIO_FUNDACIONAL_FUSIONADO_V1.yaml","Fusão fundacional que cobre múltiplos domínios; não há atribuição D01–D16 segura nesta etapa."
"MC-REC-005","Sas-Executar/Maestr-Docs","main","48db71b13e8108479bcf1961a812c1785140a44f","01-master-index/01-schemas/README.md","a7d9e4566284f5510a8b8ec457994dd03e4e1832","100644","797","documentacao_schema","CORPUS_DIRECT","REGISTRY","GOV-IDX-030-001","01_master-index/schemas/","PROPOSED","COPY","REQUIRES_RECONCILIATION","BLOB_HASH_VERIFIED_IN_REVIEW_TREE","QUEUED_FOR_RECONCILIATION","00_input/maestro-migration/01_original/01-master-index/01-schemas/README.md","Índice explicativo dos schemas de controle e interoperabilidade."
"MC-REC-006","Sas-Executar/Maestr-Docs","main","48db71b13e8108479bcf1961a812c1785140a44f","01-master-index/02-taxonomies/ECOSYSTEM_CARDS_REGISTER.csv","ae90dfbe754f406e30dd8ee29e79468c8e166978","100644","15531","registro_taxonomico","CORPUS_DIRECT","REGISTRY","GOV-IDX-030-001","01_master-index/taxonomies/","PROPOSED","COPY","REQUIRES_RECONCILIATION","BLOB_HASH_VERIFIED_IN_REVIEW_TREE","QUEUED_FOR_RECONCILIATION","00_input/maestro-migration/01_original/01-master-index/02-taxonomies/ECOSYSTEM_CARDS_REGISTER.csv","Registro de cards, dependências e caminhos canônicos; requer reconciliação com o índice Governance."
"MC-REC-007","Sas-Executar/Maestr-Docs","main","48db71b13e8108479bcf1961a812c1785140a44f","01-master-index/02-taxonomies/FOLDER_IDS.md","b08e47a55ef8c598ffea13a83b16c2f8503bcfd4","100644","383","registro_identidades","CORPUS_DIRECT","D06","D06-DOC-RMI-001","02_areas/D06__conhecimento-e-busca-corporativa/00_documentos/","PROPOSED","COPY","REQUIRES_RECONCILIATION","BLOB_HASH_VERIFIED_IN_REVIEW_TREE","QUEUED_FOR_RECONCILIATION","00_input/maestro-migration/01_original/01-master-index/02-taxonomies/FOLDER_IDS.md","Regra e extensões de Folder IDs; candidato ao Registro Mestre de Identidades."
"MC-REC-008","Sas-Executar/Maestr-Docs","main","48db71b13e8108479bcf1961a812c1785140a44f","01-master-index/02-taxonomies/MAPA_DOC_ARQUIVO.csv","ab0ba3f1d4158a7dd5aa8c011b61870c4cd9159a","100644","37260","registro_documental_hashes","CORPUS_DIRECT","D06","D06-DOC-RMI-001","02_areas/D06__conhecimento-e-busca-corporativa/00_documentos/","PROPOSED","COPY","REQUIRES_RECONCILIATION","BLOB_HASH_VERIFIED_IN_REVIEW_TREE","QUEUED_FOR_RECONCILIATION","00_input/maestro-migration/01_original/01-master-index/02-taxonomies/MAPA_DOC_ARQUIVO.csv","Mapa de documentos, caminhos e hashes; requer deduplicação com RMOC."
"MC-REC-009","Sas-Executar/Maestr-Docs","main","48db71b13e8108479bcf1961a812c1785140a44f","01-master-index/02-taxonomies/MOC_IDS.csv","8d3bcfe716f19252445c2f7df388d68638f59f91","100644","7748","registro_identidades","CORPUS_DIRECT","D06","D06-DOC-RMI-001","02_areas/D06__conhecimento-e-busca-corporativa/00_documentos/","PROPOSED","COPY","REQUIRES_RECONCILIATION","BLOB_HASH_VERIFIED_IN_REVIEW_TREE","QUEUED_FOR_RECONCILIATION","00_input/maestro-migration/01_original/01-master-index/02-taxonomies/MOC_IDS.csv","Relação de objetos, Folder IDs e paths; candidato a reconciliação de identidades."
"MC-REC-010","Sas-Executar/Maestr-Docs","main","48db71b13e8108479bcf1961a812c1785140a44f","01-master-index/02-taxonomies/ROTEAMENTO_DOCUMENTAL_MECE.csv","822c07dd870db8ed2d3e073df878881cefa9a3ec","100644","40873","registro_classificacao","CORPUS_DIRECT","REGISTRY","GOV-IDX-030-001","01_master-index/","PROPOSED","COPY","REQUIRES_RECONCILIATION","BLOB_HASH_VERIFIED_IN_REVIEW_TREE","QUEUED_FOR_RECONCILIATION","00_input/maestro-migration/01_original/01-master-index/02-taxonomies/ROTEAMENTO_DOCUMENTAL_MECE.csv","Roteamento e classificação documental; não redistribuir sem matriz de equivalência."
"MC-REC-011","Sas-Executar/Maestr-Docs","main","48db71b13e8108479bcf1961a812c1785140a44f","01-master-index/02-taxonomies/SAAS_ENTRYPOINT_DOMAIN_MAP.csv","8fd52bd806d2098fe1ec6a7d4207abddf1b3cd24","100644","2172","target_mapping","CORPUS_DIRECT","BLUEPRINTS","GAP","BLUEPRINTS/95-target-mapping/","PROPOSED","REFERENCE","CROSS_REPO_BOUNDARY","BLOB_HASH_VERIFIED_IN_REVIEW_TREE","QUEUED_FOR_RECONCILIATION","00_input/maestro-migration/01_original/01-master-index/02-taxonomies/SAAS_ENTRYPOINT_DOMAIN_MAP.csv","Mapa de domínio e caminhos do SaaS; destino final sugerido é Blueprint target mapping."
"MC-REC-012","Sas-Executar/Maestr-Docs","main","48db71b13e8108479bcf1961a812c1785140a44f","01-master-index/03-relations/RELATIONS.md","e33cc9d778c95890245d7fcb08e4b8fae9cacb02","100644","2160","mapa_relacoes","CORPUS_DIRECT","REGISTRY","GOV-IDX-030-001","01_master-index/","PROPOSED","COPY","REQUIRES_RECONCILIATION","BLOB_HASH_VERIFIED_IN_REVIEW_TREE","QUEUED_FOR_RECONCILIATION","00_input/maestro-migration/01_original/01-master-index/03-relations/RELATIONS.md","Define canonical_home e relações cross-domain; precisa conciliar regras com Repository Boundaries."
"MC-REC-013","Sas-Executar/Maestr-Docs","main","48db71b13e8108479bcf1961a812c1785140a44f","01-master-index/04-reports/2026-09-07-master-index-repos-codigo.md","ae95a14ffb915bc263a71746c45682c822fb347a","100644","10956","relatorio_inventario","CORPUS_DIRECT","REGISTRY","GOV-IDX-030-001","01_master-index/reports/","PROPOSED","COPY","REQUIRES_RECONCILIATION","BLOB_HASH_VERIFIED_IN_REVIEW_TREE","QUEUED_FOR_RECONCILIATION","00_input/maestro-migration/01_original/01-master-index/04-reports/2026-09-07-master-index-repos-codigo.md","Relatório de inventário de repositórios; manter proveniência e revalidar quando os slugs mudarem."
"MC-REC-014","Sas-Executar/Maestr-Docs","main","48db71b13e8108479bcf1961a812c1785140a44f","01-master-index/04-reports/INDICE_TEMATICO_GRANULAR_V1.csv","c77478941f7f3d68591d96d9cfb1f3af6cde5911","100644","10291","indice_tematico","CORPUS_DIRECT","REGISTRY","GOV-IDX-030-001","01_master-index/reports/","PROPOSED","COPY","REQUIRES_RECONCILIATION","BLOB_HASH_VERIFIED_IN_REVIEW_TREE","QUEUED_FOR_RECONCILIATION","00_input/maestro-migration/01_original/01-master-index/04-reports/INDICE_TEMATICO_GRANULAR_V1.csv","Índice temático transdomínio; usar como referência, não como substituto de documentos canônicos."
"MC-REC-015","Sas-Executar/Maestr-Docs","main","48db71b13e8108479bcf1961a812c1785140a44f","01-master-index/04-reports/MASTER_INDEX_TABULAR_V1.csv","5ce22b7ac8650cbd801bcb35b893a001d41e49a6","100644","12215","registro_mestre","CORPUS_DIRECT","D06","D06-DOC-RMI-001","02_areas/D06__conhecimento-e-busca-corporativa/00_documentos/","PROPOSED","COPY","REQUIRES_RECONCILIATION","BLOB_HASH_VERIFIED_IN_REVIEW_TREE","QUEUED_FOR_RECONCILIATION","00_input/maestro-migration/01_original/01-master-index/04-reports/MASTER_INDEX_TABULAR_V1.csv","Inventário tabular de objetos e Folder IDs; candidato a reconciliação com RMOC."
"MC-REC-016","Sas-Executar/Maestr-Docs","main","48db71b13e8108479bcf1961a812c1785140a44f","01-master-index/04-reports/MIGRATION_2026-08-26.md","e185f57162a9e9b5b9b22cae7ed69bbc9175d05a","100644","946","registro_migracao","CORPUS_DIRECT","REGISTRY","GOV-IDX-030-001","99_archive/migration-history/","PROPOSED","COPY","REQUIRES_RECONCILIATION","BLOB_HASH_VERIFIED_IN_REVIEW_TREE","QUEUED_FOR_RECONCILIATION","00_input/maestro-migration/01_original/01-master-index/04-reports/MIGRATION_2026-08-26.md","Registro histórico de migração; preservar como evidência, sem sobrescrever histórico local."
"MC-REC-017","Sas-Executar/Maestr-Docs","main","48db71b13e8108479bcf1961a812c1785140a44f","01-master-index/04-reports/README.md","fcda019d2f99b5a6df73071910cf1fb840663fb4","100644","102","documentacao_relatorio","CORPUS_DIRECT","REGISTRY","GOV-IDX-030-001","01_master-index/reports/","PROPOSED","COPY","REQUIRES_RECONCILIATION","BLOB_HASH_VERIFIED_IN_REVIEW_TREE","QUEUED_FOR_RECONCILIATION","00_input/maestro-migration/01_original/01-master-index/04-reports/README.md","Descrição do conjunto de relatórios de cobertura e integridade."
"MC-REC-018","Sas-Executar/Maestr-Docs","main","48db71b13e8108479bcf1961a812c1785140a44f","01-master-index/CENTRAL_CONTROL.csv","48161a8a31caf935b7fa67bb66b0b7386524794d","100644","6833","registro_controle_pastas","CORPUS_DIRECT","D06","D06-DOC-RMI-001","02_areas/D06__conhecimento-e-busca-corporativa/00_documentos/","PROPOSED","COPY","REQUIRES_RECONCILIATION","BLOB_HASH_VERIFIED_IN_REVIEW_TREE","QUEUED_FOR_RECONCILIATION","00_input/maestro-migration/01_original/01-master-index/CENTRAL_CONTROL.csv","Controle de Folder IDs e parent IDs; candidato a reconciliação com registro de identidades."
"MC-REC-019","Sas-Executar/Maestr-Docs","main","48db71b13e8108479bcf1961a812c1785140a44f","60-dados/40-canonical/REGISTRO_DOCUMENTAL_MECE_V1.csv","caedbd3fda9b732003d0591a98a83fcfb278412b","100644","195904","registro_documental_canonico","CORPUS_DIRECT","D06","D06-DOC-RMI-001","02_areas/D06__conhecimento-e-busca-corporativa/00_documentos/","PROPOSED","COPY","REQUIRES_RECONCILIATION","BLOB_HASH_VERIFIED_IN_REVIEW_TREE","QUEUED_FOR_RECONCILIATION","00_input/maestro-migration/01_original/60-dados/40-canonical/REGISTRO_DOCUMENTAL_MECE_V1.csv","Registro documental com IDs, caminhos e hashes; tratar como corpus direto até conciliação com RMOC."
"MC-REC-020","Sas-Executar/Maestr-Docs","main","48db71b13e8108479bcf1961a812c1785140a44f","60-dados/40-canonical/STRATEGIC_INSIGHTS_V1.csv","77500360bb812c4d4e79f6f4a32e6189f3881c75","100644","163363","registro_insights_estrategicos","CORPUS_DIRECT","MULTI_DOMAIN","GAP","04_evidence/strategic-insights/","PROPOSED","REFERENCE","MULTI_DOMAIN","BLOB_HASH_VERIFIED_IN_REVIEW_TREE","QUEUED_FOR_RECONCILIATION","00_input/maestro-migration/01_original/60-dados/40-canonical/STRATEGIC_INSIGHTS_V1.csv","Insights cobrem múltiplas áreas; exige roteamento por linha, não por arquivo."
"MC-REC-021","Sas-Executar/Maestr-Docs","main","48db71b13e8108479bcf1961a812c1785140a44f","60-dados/60-dados.md","0a2291341846e9221f4fcf061d3f13e491d87b0a","100644","247","mapa_dados","CORPUS_DIRECT","D05","D05-DOC-EPGD-001","02_areas/D05__dados/00_documentos/","PROPOSED","COPY","REQUIRES_RECONCILIATION","BLOB_HASH_VERIFIED_IN_REVIEW_TREE","QUEUED_FOR_RECONCILIATION","00_input/maestro-migration/01_original/60-dados/60-dados.md","Mapa da camada de dados, evidências, schemas e exports."
"MC-REC-022","Sas-Executar/Maestr-Docs","main","48db71b13e8108479bcf1961a812c1785140a44f","60-dados/60-exports/ESTADO_CONSOLIDADO_ECOSSISTEMA_EXECUTAR.yaml","89540f34ac8c50048040b3ebb9b96b34217c53f4","100644","1319348","estado_consolidado","CORPUS_DIRECT","MULTI_DOMAIN","GAP","04_evidence/consolidated-state/","PROPOSED","REFERENCE","MULTI_DOMAIN","BLOB_HASH_VERIFIED_IN_REVIEW_TREE","QUEUED_FOR_RECONCILIATION","00_input/maestro-migration/01_original/60-dados/60-exports/ESTADO_CONSOLIDADO_ECOSSISTEMA_EXECUTAR.yaml","Estado consolidado de escopo transversal; conteúdo precisa de reconciliação por domínio."
"MC-REC-023","Sas-Executar/Maestr-Docs","main","48db71b13e8108479bcf1961a812c1785140a44f","60-dados/60-exports/README.md","1df7e4bb1709ddd80d836a0c4c77f42762f3d645","100644","3020","documentacao_workbook","CORPUS_DIRECT","D05","D05-DOC-EPGD-001","02_areas/D05__dados/00_documentos/","PROPOSED","COPY","REQUIRES_RECONCILIATION","BLOB_HASH_VERIFIED_IN_REVIEW_TREE","QUEUED_FOR_RECONCILIATION","00_input/maestro-migration/01_original/60-dados/60-exports/README.md","Documenta a entrega de workbook e a integridade da base."
"MC-REC-024","Sas-Executar/Maestr-Docs","main","48db71b13e8108479bcf1961a812c1785140a44f","60-dados/60-exports/WORKBOOK_ECOSSISTEMA_EXECUTAR.json","0e9ba9c37fe96b9842f33c4383eb98bd0734f8e1","100644","1202658","workbook_export","CORPUS_DIRECT","MULTI_DOMAIN","GAP","04_evidence/workbooks/","PROPOSED","REFERENCE","MULTI_DOMAIN","BLOB_HASH_VERIFIED_IN_REVIEW_TREE","QUEUED_FOR_RECONCILIATION","00_input/maestro-migration/01_original/60-dados/60-exports/WORKBOOK_ECOSSISTEMA_EXECUTAR.json","Export consolidado; requer leitura por estrutura antes de qualquer rota canônica."
"MC-REC-025","Sas-Executar/Maestr-Docs","main","48db71b13e8108479bcf1961a812c1785140a44f","60-dados/60-exports/WORKBOOK_ECOSSISTEMA_EXECUTAR.yaml","b5f2795e6585efaa65e43d1f94c7ec137147abce","100644","1054794","workbook_export","CORPUS_DIRECT","MULTI_DOMAIN","GAP","04_evidence/workbooks/","PROPOSED","REFERENCE","MULTI_DOMAIN","BLOB_HASH_VERIFIED_IN_REVIEW_TREE","QUEUED_FOR_RECONCILIATION","00_input/maestro-migration/01_original/60-dados/60-exports/WORKBOOK_ECOSSISTEMA_EXECUTAR.yaml","Export consolidado; requer leitura por estrutura antes de qualquer rota canônica."
"MC-REC-026","Sas-Executar/Maestr-Docs","main","48db71b13e8108479bcf1961a812c1785140a44f","60-dados/60-exports/WORKBOOK_FORMULARIO.csv","c211a49d9ba5c337eb5d56833c1cedc666fda4ad","100644","84504","registro_formulario_multidominio","CORPUS_DIRECT","MULTI_DOMAIN","GAP","04_evidence/workbooks/","PROPOSED","REFERENCE","MULTI_DOMAIN","BLOB_HASH_VERIFIED_IN_REVIEW_TREE","QUEUED_FOR_RECONCILIATION","00_input/maestro-migration/01_original/60-dados/60-exports/WORKBOOK_FORMULARIO.csv","Campos cobrem negócio, produto e engenharia; classificar por linha em etapa posterior."
"MC-REC-027","Sas-Executar/Maestr-Docs","main","48db71b13e8108479bcf1961a812c1785140a44f","60-dados/60-exports/WORKBOOK_PMBOK8_ECOSSISTEMA_EXECUTAR.xlsx","7a974a5308edc3ef82495927524e40481872fd21","100644","316475","workbook_binario","CORPUS_DIRECT","MULTI_DOMAIN","GAP","04_evidence/workbooks/","PROPOSED","REFERENCE","BINARY_REVIEW_REQUIRED","BLOB_HASH_VERIFIED_IN_REVIEW_TREE","QUEUED_FOR_RECONCILIATION","00_input/maestro-migration/01_original/60-dados/60-exports/WORKBOOK_PMBOK8_ECOSSISTEMA_EXECUTAR.xlsx","Binário preservado com SHA validado; inspeção semântica ainda pendente."
"MC-REC-028","Sas-Executar/Maestr-Docs","main","48db71b13e8108479bcf1961a812c1785140a44f","60-dados/90-evidence/OUT-54_EVIDENCE_REGISTER.csv","eee8e07f5b05eca4ceb01474e49dff6f5c57efe0","100644","372557","registro_evidencias","CORPUS_DIRECT","D09","D09-DOC-DEB-001","04_evidence/","PROPOSED","COPY","REQUIRES_RECONCILIATION","BLOB_HASH_VERIFIED_IN_REVIEW_TREE","QUEUED_FOR_RECONCILIATION","00_input/maestro-migration/01_original/60-dados/90-evidence/OUT-54_EVIDENCE_REGISTER.csv","Registro de evidências e força/confiança; candidato ao dossiê de evidências."
"MC-REC-029","Sas-Executar/Maestr-Docs","main","48db71b13e8108479bcf1961a812c1785140a44f","60-dados/90-evidence/OUT-55_HYPOTHESIS_REGISTER.csv","01d274ff31acf221433a44b24cdbb457bbecbd1f","100644","5552","registro_hipoteses","CORPUS_DIRECT","D09","D09-DOC-DEB-001","04_evidence/","PROPOSED","COPY","REQUIRES_RECONCILIATION","BLOB_HASH_VERIFIED_IN_REVIEW_TREE","QUEUED_FOR_RECONCILIATION","00_input/maestro-migration/01_original/60-dados/90-evidence/OUT-55_HYPOTHESIS_REGISTER.csv","Hipóteses vinculadas a evidências e testes; requer preservação de status epistêmico."
"MC-REC-030","Sas-Executar/Maestr-Docs","main","48db71b13e8108479bcf1961a812c1785140a44f","60-dados/90-evidence/OUT-56_DECISION_LOG.csv","d75eb2edbf1bbc828139d81d287b447144f3c279","100644","17872","registro_decisoes","CORPUS_DIRECT","REGISTRY","GOV-IDX-030-001","05_decisions/","PROPOSED","COPY","REQUIRES_RECONCILIATION","BLOB_HASH_VERIFIED_IN_REVIEW_TREE","QUEUED_FOR_RECONCILIATION","00_input/maestro-migration/01_original/60-dados/90-evidence/OUT-56_DECISION_LOG.csv","Log de decisões; manter histórico e distinção entre decisão tomada e pendência."
"MC-REC-031","Sas-Executar/Maestr-Docs","main","48db71b13e8108479bcf1961a812c1785140a44f","60-dados/90-evidence/OUT-57_RISK_REGISTER.csv","70b586e01cb629eac64d67bd2a91ca10698d2554","100644","111111","registro_riscos","CORPUS_DIRECT","D02","D02-DOC-MRC-001","06_risks/","PROPOSED","COPY","REQUIRES_RECONCILIATION","BLOB_HASH_VERIFIED_IN_REVIEW_TREE","QUEUED_FOR_RECONCILIATION","00_input/maestro-migration/01_original/60-dados/90-evidence/OUT-57_RISK_REGISTER.csv","Registro de riscos e controles; candidato à matriz de riscos e controles."
"MC-REC-032","Sas-Executar/Maestr-Docs","main","48db71b13e8108479bcf1961a812c1785140a44f","60-dados/90-evidence/OUT-58_GAP_REGISTER.csv","0b9d1d9b7b1c2bcc639bf15a0030bc8e94491885","100644","24675","registro_lacunas","CORPUS_DIRECT","REGISTRY","GOV-IDX-030-001","01_master-index/gaps/","PROPOSED","COPY","REQUIRES_RECONCILIATION","BLOB_HASH_VERIFIED_IN_REVIEW_TREE","QUEUED_FOR_RECONCILIATION","00_input/maestro-migration/01_original/60-dados/90-evidence/OUT-58_GAP_REGISTER.csv","Registro de lacunas; não preencher nem converter lacunas em requisito."
"MC-REC-033","Sas-Executar/Maestr-Docs","main","48db71b13e8108479bcf1961a812c1785140a44f","60-dados/90-evidence/OUT-59_SOURCE_REGISTER.csv","a463e18c92e30f01137e4c475d3c8718227705bb","100644","26096","registro_fontes","CORPUS_DIRECT","D09","D09-DOC-DEB-001","04_evidence/","PROPOSED","COPY","REQUIRES_RECONCILIATION","BLOB_HASH_VERIFIED_IN_REVIEW_TREE","QUEUED_FOR_RECONCILIATION","00_input/maestro-migration/01_original/60-dados/90-evidence/OUT-59_SOURCE_REGISTER.csv","Registro de fontes, hashes e evidências associadas."
"MC-REC-034","Sas-Executar/Maestr-Docs","main","48db71b13e8108479bcf1961a812c1785140a44f","70-operacao-governanca/01-planos-acao/PLANO_LANCAMENTO_ECOSSISTEMA.md","7dd8c4ee2d07dd162fa81398a79f5d104792857a","100644","5227","plano_lancamento","CORPUS_DIRECT","D13","D13-DOC-GTM-001","02_areas/D13__mercado-e-geracao-de-demanda/00_documentos/","PROPOSED","COPY","REQUIRES_RECONCILIATION","BLOB_HASH_VERIFIED_IN_REVIEW_TREE","QUEUED_FOR_RECONCILIATION","00_input/maestro-migration/01_original/70-operacao-governanca/01-planos-acao/PLANO_LANCAMENTO_ECOSSISTEMA.md","Plano de lançamento; candidato ao plano de entrada no mercado e lançamento."
"MC-REC-035","Sas-Executar/Maestr-Docs","main","48db71b13e8108479bcf1961a812c1785140a44f","70-operacao-governanca/02-workflows/PMBOK8_FUNDAMENTOS_ORDEM_MENTAL.md","6b2d84975bbf9fcde0823e8eb345cf50cdaec6da","100644","10872","instrucao_agente_referencia","CORPUS_DIRECT","MAESTRO","GAP","MAESTRO/40-workflows/","PROPOSED","KEEP","MIXED_AGENT_INSTRUCTION","BLOB_HASH_VERIFIED_IN_REVIEW_TREE","REQUIRES_MAESTRO_RECONCILIATION","00_input/maestro-migration/01_original/70-operacao-governanca/02-workflows/PMBOK8_FUNDAMENTOS_ORDEM_MENTAL.md","Material conceitual contém instrução explícita para agente; permanece no intake como cópia histórica e requer roteamento ao Maestro."
"MC-REC-036","Sas-Executar/Maestr-Docs","main","48db71b13e8108479bcf1961a812c1785140a44f","70-operacao-governanca/70-operacao-governanca.md","272677a80a3172093bb581cae81599c392ca2f46","100644","285","mapa_operacoes_governanca","CORPUS_DIRECT","D08","D08-DOC-MOP-001","02_areas/D08__operacoes/00_documentos/","PROPOSED","COPY","REQUIRES_RECONCILIATION","BLOB_HASH_VERIFIED_IN_REVIEW_TREE","QUEUED_FOR_RECONCILIATION","00_input/maestro-migration/01_original/70-operacao-governanca/70-operacao-governanca.md","Mapa de processos, planos, decisões, riscos e SOPs; candidato ao Manual de Operações."
